{"acc": 0.768193303557061, "loss": 0.19156501062061046, "_timestamp": 1705423007.8573883, "_runtime": 0.5145611763000488, "_step": 7, "_wandb": {"runtime": 0}}